number,name,type1,type2,total,hp,attack,defense,sp_attack,sp_defense,speed,generation,legendary,Number of votes,Rank
1,Bulbasaur,Grass,Poison,318,45,49,49,65,65,45,1,False,710,4
2,Ivysaur,Grass,Poison,405,60,62,63,80,80,60,1,False,83,152
3,Venusaur,Grass,Poison,525,80,82,83,100,100,80,1,False,127,100
4,Charmander,Fire,None,309,39,52,43,60,50,65,1,False,374,32
5,Charmeleon,Fire,None,405,58,64,58,80,65,80,1,False,70,187
6,Charizard,Fire,Flying,534,78,84,78,109,85,100,1,False,1107,1
7,Squirtle,Water,None,314,44,48,65,50,64,43,1,False,523,14
8,Wartortle,Water,None,405,59,63,80,65,80,58,1,False,133,96
9,Blastoise,Water,None,530,79,83,100,85,105,78,1,False,410,23
10,Caterpie,Bug,None,195,45,30,35,20,20,45,1,False,28,361
11,Metapod,Bug,None,205,50,20,55,25,25,30,1,False,18,475
12,Butterfree,Bug,Flying,395,60,45,50,90,80,70,1,False,58,214
13,Weedle,Bug,Poison,195,40,35,30,20,20,50,1,False,20,448
14,Kakuna,Bug,Poison,205,45,25,50,25,25,35,1,False,13,521
15,Beedrill,Bug,Poison,395,65,90,40,45,80,75,1,False,83,152
16,Pidgey,Normal,Flying,251,40,45,40,35,35,56,1,False,42,266
17,Pidgeotto,Normal,Flying,349,63,60,55,50,50,71,1,False,32,325
18,Pidgeot,Normal,Flying,479,83,80,75,70,70,101,1,False,96,133
19,Rattata,Normal,None,253,30,56,35,25,35,72,1,False,27,370
20,Raticate,Normal,None,413,55,81,60,50,70,97,1,False,19,460
21,Spearow,Normal,Flying,262,40,60,30,31,31,70,1,False,2,770
22,Fearow,Normal,Flying,442,65,90,65,61,61,100,1,False,21,428
23,Ekans,Poison,None,288,35,60,44,40,54,55,1,False,9,595
24,Arbok,Poison,None,438,60,85,69,65,79,80,1,False,19,460
25,Pikachu,Electric,None,320,35,55,40,50,50,90,1,False,293,44
26,Raichu,Electric,None,485,60,90,55,90,80,110,1,False,301,40
27,Sandshrew,Ground,None,300,50,75,85,20,30,40,1,False,200,69
28,Sandslash,Ground,None,450,75,100,110,45,55,65,1,False,167,79
30,Nidorina,Poison,None,365,70,62,67,55,55,56,1,False,6,660
31,Nidoqueen,Poison,Ground,505,90,92,87,75,85,76,1,False,23,402
33,Nidorino,Poison,None,365,61,72,57,55,55,65,1,False,23,402
34,Nidoking,Poison,Ground,505,81,102,77,85,75,85,1,False,265,54
35,Clefairy,Fairy,None,323,70,45,48,60,65,35,1,False,44,259
36,Clefable,Fairy,None,483,95,70,73,95,90,60,1,False,39,281
37,Vulpix,Fire,None,299,38,41,40,50,65,65,1,False,302,39
38,Ninetales,Fire,None,505,73,76,75,81,100,100,1,False,471,16
39,Jigglypuff,Normal,Fairy,270,115,45,20,45,25,20,1,False,162,82
40,Wigglytuff,Normal,Fairy,435,140,70,45,85,50,45,1,False,34,307
41,Zubat,Poison,Flying,245,40,45,35,30,40,55,1,False,37,292
42,Golbat,Poison,Flying,455,75,80,70,65,75,90,1,False,12,539
43,Oddish,Grass,Poison,320,45,50,55,75,65,30,1,False,127,100
44,Gloom,Grass,Poison,395,60,65,70,85,75,40,1,False,32,325
45,Vileplume,Grass,Poison,490,75,80,85,110,90,50,1,False,67,195
46,Paras,Bug,Grass,285,35,70,55,45,55,25,1,False,22,420
47,Parasect,Bug,Grass,405,60,95,80,60,80,30,1,False,32,325
48,Venonat,Bug,Poison,305,60,55,50,40,55,45,1,False,27,370
49,Venomoth,Bug,Poison,450,70,65,60,90,75,90,1,False,19,460
50,Diglett,Ground,None,265,10,55,25,35,45,95,1,False,47,247
51,Dugtrio,Ground,None,405,35,80,50,50,70,120,1,False,26,383
52,Meowth,Normal,None,290,40,45,35,40,40,90,1,False,50,236
53,Persian,Normal,None,440,65,70,60,65,65,115,1,False,33,317
54,Psyduck,Water,None,320,50,52,48,65,50,55,1,False,281,49
55,Golduck,Water,None,500,80,82,78,95,80,85,1,False,60,209
56,Mankey,Fighting,None,305,40,80,35,35,45,70,1,False,21,428
57,Primeape,Fighting,None,455,65,105,60,60,70,95,1,False,59,212
58,Growlithe,Fire,None,350,55,70,45,70,50,60,1,False,276,51
59,Arcanine,Fire,None,555,90,110,80,100,80,95,1,False,923,3
60,Poliwag,Water,None,300,40,50,40,40,40,90,1,False,30,344
61,Poliwhirl,Water,None,385,65,65,65,50,50,90,1,False,96,133
62,Poliwrath,Water,Fighting,510,90,95,95,70,90,70,1,False,56,218
63,Abra,Psychic,None,310,25,20,15,105,55,90,1,False,111,120
64,Kadabra,Psychic,None,400,40,35,30,120,70,105,1,False,82,157
65,Alakazam,Psychic,None,500,55,50,45,135,95,120,1,False,376,31
66,Machop,Fighting,None,305,70,80,50,35,35,35,1,False,23,402
67,Machoke,Fighting,None,405,80,100,70,50,60,45,1,False,23,402
68,Machamp,Fighting,None,505,90,130,80,65,85,55,1,False,104,127
69,Bellsprout,Grass,Poison,300,50,75,35,70,30,40,1,False,27,370
70,Weepinbell,Grass,Poison,390,65,90,50,85,45,55,1,False,12,539
71,Victreebel,Grass,Poison,490,80,105,65,100,70,70,1,False,19,460
72,Tentacool,Water,Poison,335,40,40,35,50,100,70,1,False,9,595
73,Tentacruel,Water,Poison,515,80,70,65,80,120,100,1,False,30,344
74,Geodude,Rock,Ground,300,40,80,100,30,30,20,1,False,38,286
75,Graveler,Rock,Ground,390,55,95,115,45,45,35,1,False,14,508
76,Golem,Rock,Ground,495,80,120,130,55,65,45,1,False,45,256
77,Ponyta,Fire,None,410,50,85,55,65,65,90,1,False,51,231
78,Rapidash,Fire,None,500,65,100,70,80,80,105,1,False,77,173
79,Slowpoke,Water,Psychic,315,90,65,65,40,40,15,1,False,118,108
80,Slowbro,Water,Psychic,490,95,75,110,100,80,30,1,False,79,168
81,Magnemite,Electric,Steel,325,25,35,70,95,55,45,1,False,61,206
82,Magneton,Electric,Steel,465,50,60,95,120,70,70,1,False,54,225
84,Doduo,Normal,Flying,310,35,85,45,35,35,75,1,False,7,637
85,Dodrio,Normal,Flying,460,60,110,70,60,60,100,1,False,14,508
86,Seel,Water,None,325,65,45,55,45,70,45,1,False,27,370
87,Dewgong,Water,Ice,475,90,70,80,70,95,70,1,False,49,242
88,Grimer,Poison,None,325,80,80,50,40,50,25,1,False,14,508
89,Muk,Poison,None,500,105,105,75,65,100,50,1,False,86,147
90,Shellder,Water,None,305,30,65,100,45,25,40,1,False,19,460
91,Cloyster,Water,Ice,525,50,95,180,85,45,70,1,False,56,218
92,Gastly,Ghost,Poison,310,30,35,30,100,35,80,1,False,27,370
93,Haunter,Ghost,Poison,405,45,50,45,115,55,95,1,False,301,40
94,Gengar,Ghost,Poison,500,60,65,60,130,75,110,1,False,1056,2
95,Onix,Rock,Ground,385,35,45,160,30,45,70,1,False,46,250
96,Drowzee,Psychic,None,328,60,48,45,43,90,42,1,False,18,475
97,Hypno,Psychic,None,483,85,73,70,73,115,67,1,False,31,336
98,Krabby,Water,None,325,30,105,90,25,25,50,1,False,42,266
99,Kingler,Water,None,475,55,130,115,50,50,75,1,False,62,202
100,Voltorb,Electric,None,330,40,30,50,55,55,100,1,False,12,539
101,Electrode,Electric,None,480,60,50,70,80,80,140,1,False,13,521
102,Exeggcute,Grass,Psychic,325,60,40,80,60,45,40,1,False,1,798
103,Exeggutor,Grass,Psychic,520,95,95,85,125,65,55,1,False,50,236
104,Cubone,Ground,None,320,50,50,95,40,50,35,1,False,321,36
105,Marowak,Ground,None,425,60,80,110,50,80,45,1,False,83,152
106,Hitmonlee,Fighting,None,455,50,120,53,35,110,87,1,False,45,256
107,Hitmonchan,Fighting,None,455,50,105,79,35,110,76,1,False,52,230
108,Lickitung,Normal,None,385,90,55,75,60,75,30,1,False,55,222
109,Koffing,Poison,None,340,40,65,95,60,45,35,1,False,62,202
110,Weezing,Poison,None,490,65,90,120,85,70,60,1,False,50,236
111,Rhyhorn,Ground,Rock,345,80,85,95,30,30,25,1,False,20,448
112,Rhydon,Ground,Rock,485,105,130,120,45,45,40,1,False,43,264
113,Chansey,Normal,None,450,250,5,5,35,105,50,1,False,53,228
114,Tangela,Grass,None,435,65,55,115,100,40,60,1,False,47,247
115,Kangaskhan,Normal,None,490,105,95,80,40,80,90,1,False,37,292
116,Horsea,Water,None,295,30,40,70,70,25,60,1,False,9,595
117,Seadra,Water,None,440,55,65,95,95,45,85,1,False,11,556
118,Goldeen,Water,None,320,45,67,60,35,50,63,1,False,2,770
119,Seaking,Water,None,450,80,92,65,65,80,68,1,False,8,615
120,Staryu,Water,None,340,30,45,55,70,55,85,1,False,21,428
121,Starmie,Water,Psychic,520,60,75,85,100,85,115,1,False,111,120
123,Scyther,Bug,Flying,500,70,110,80,55,80,105,1,False,394,27
124,Jynx,Ice,Psychic,455,65,50,35,115,95,95,1,False,38,286
125,Electabuzz,Electric,None,490,65,83,57,95,85,105,1,False,42,266
126,Magmar,Fire,None,495,65,95,57,100,85,93,1,False,42,266
127,Pinsir,Bug,None,500,65,125,100,55,70,85,1,False,32,325
128,Tauros,Normal,None,490,75,100,95,40,70,110,1,False,54,225
129,Magikarp,Water,None,200,20,10,55,15,20,80,1,False,119,107
130,Gyarados,Water,Flying,540,95,125,79,60,100,81,1,False,265,54
131,Lapras,Water,Ice,535,130,85,80,85,95,60,1,False,233,60
132,Ditto,Normal,None,288,48,48,48,48,48,48,1,False,184,73
133,Eevee,Normal,None,325,55,55,50,45,65,55,1,False,581,9
134,Vaporeon,Water,None,525,130,65,60,110,95,65,1,False,275,52
135,Jolteon,Electric,None,525,65,65,60,110,95,130,1,False,335,35
136,Flareon,Fire,None,525,65,130,60,95,110,65,1,False,94,138
137,Porygon,Normal,None,395,65,60,70,85,75,40,1,False,97,131
138,Omanyte,Rock,Water,355,35,40,100,90,55,35,1,False,15,501
139,Omastar,Rock,Water,495,70,60,125,115,70,55,1,False,13,521
140,Kabuto,Rock,Water,355,30,80,90,55,45,55,1,False,20,448
141,Kabutops,Rock,Water,495,60,115,105,65,70,80,1,False,118,108
142,Aerodactyl,Rock,Flying,515,80,105,65,60,75,130,1,False,51,231
143,Snorlax,Normal,None,540,160,110,65,65,110,30,1,False,433,19
144,Articuno,Ice,Flying,580,90,85,100,95,125,85,1,True,136,92
145,Zapdos,Electric,Flying,580,90,90,85,125,90,100,1,True,121,106
146,Moltres,Fire,Flying,580,90,100,90,125,85,90,1,True,16,489
147,Dratini,Dragon,None,300,41,64,45,50,50,50,1,False,92,141
148,Dragonair,Dragon,None,420,61,84,65,70,70,70,1,False,157,84
149,Dragonite,Dragon,Flying,600,91,134,95,100,100,80,1,False,551,10
150,Mewtwo,Psychic,None,680,106,110,90,154,90,130,1,True,298,43
151,Mew,Psychic,None,600,100,100,100,100,100,100,1,True,269,53
152,Chikorita,Grass,None,318,45,49,65,49,65,45,2,False,98,130
153,Bayleef,Grass,None,405,60,62,80,63,80,60,2,False,66,196
154,Meganium,Grass,None,525,80,82,100,83,100,80,2,False,75,175
155,Cyndaquil,Fire,None,309,39,52,43,60,50,65,2,False,377,30
156,Quilava,Fire,None,405,58,64,58,80,65,80,2,False,181,74
157,Typhlosion,Fire,None,534,78,84,78,109,85,100,2,False,534,12
158,Totodile,Water,None,314,50,65,64,44,48,43,2,False,300,42
159,Croconaw,Water,None,405,65,80,80,59,63,58,2,False,21,428
160,Feraligatr,Water,None,530,85,105,100,79,83,78,2,False,287,46
161,Sentret,Normal,None,215,35,46,34,35,45,20,2,False,12,539
162,Furret,Normal,None,415,85,76,64,45,55,90,2,False,132,97
163,Hoothoot,Normal,Flying,262,60,30,30,36,56,50,2,False,8,615
164,Noctowl,Normal,Flying,442,100,50,50,76,96,70,2,False,32,325
165,Ledyba,Bug,Flying,265,40,20,30,40,80,55,2,False,5,687
166,Ledian,Bug,Flying,390,55,35,50,55,110,85,2,False,30,344
167,Spinarak,Bug,Poison,250,40,60,40,40,40,30,2,False,11,556
168,Ariados,Bug,Poison,390,70,90,70,60,60,40,2,False,13,521
169,Crobat,Poison,Flying,535,85,90,80,70,80,130,2,False,231,61
170,Chinchou,Water,Electric,330,75,38,38,56,56,67,2,False,21,428
171,Lanturn,Water,Electric,460,125,58,58,76,76,67,2,False,63,201
172,Pichu,Electric,None,205,20,40,15,35,35,60,2,False,59,212
173,Cleffa,Fairy,None,218,50,25,28,45,55,15,2,False,6,660
174,Igglybuff,Normal,Fairy,210,90,30,15,40,20,15,2,False,5,687
175,Togepi,Fairy,None,245,35,20,65,40,65,20,2,False,71,184
176,Togetic,Fairy,Flying,405,55,40,85,80,105,40,2,False,21,428
177,Natu,Psychic,Flying,320,40,50,45,70,45,70,2,False,22,420
178,Xatu,Psychic,Flying,470,65,75,70,95,70,95,2,False,50,236
179,Mareep,Electric,None,280,55,40,40,65,45,35,2,False,118,108
180,Flaaffy,Electric,None,365,70,55,55,80,60,45,2,False,43,264
181,Ampharos,Electric,None,510,90,75,85,115,90,55,2,False,529,13
182,Bellossom,Grass,None,490,75,80,95,90,100,50,2,False,28,361
183,Marill,Water,Fairy,250,70,20,50,20,50,40,2,False,31,336
184,Azumarill,Water,Fairy,420,100,50,80,60,80,50,2,False,106,124
185,Sudowoodo,Rock,None,410,70,100,115,30,65,30,2,False,60,209
186,Politoed,Water,None,500,90,75,75,90,100,70,2,False,73,179
187,Hoppip,Grass,Flying,250,35,35,40,35,55,50,2,False,14,508
188,Skiploom,Grass,Flying,340,55,45,50,45,65,80,2,False,3,746
189,Jumpluff,Grass,Flying,460,75,55,70,55,95,110,2,False,35,301
190,Aipom,Normal,None,360,55,70,55,40,55,85,2,False,66,196
191,Sunkern,Grass,None,180,30,30,30,30,30,30,2,False,14,508
192,Sunflora,Grass,None,425,75,75,55,105,85,30,2,False,12,539
193,Yanma,Bug,Flying,390,65,65,45,75,45,95,2,False,22,420
194,Wooper,Water,Ground,210,55,45,45,25,25,15,2,False,109,122
195,Quagsire,Water,Ground,430,95,85,85,65,65,35,2,False,123,104
196,Espeon,Psychic,None,525,65,65,60,130,95,110,2,False,384,28
197,Umbreon,Dark,None,525,95,65,110,60,130,65,2,False,607,6
198,Murkrow,Dark,Flying,405,60,85,42,85,42,91,2,False,86,147
199,Slowking,Water,Psychic,490,95,75,80,100,110,30,2,False,46,250
200,Misdreavus,Ghost,None,435,60,60,60,85,85,85,2,False,80,163
201,Unown,Psychic,None,336,48,72,48,72,48,48,2,False,18,475
202,Wobbuffet,Psychic,None,405,190,33,58,33,58,33,2,False,79,168
203,Girafarig,Normal,Psychic,455,70,80,65,90,65,85,2,False,34,307
204,Pineco,Bug,None,290,50,65,90,35,35,15,2,False,7,637
205,Forretress,Bug,Steel,465,75,90,140,60,60,40,2,False,30,344
206,Dunsparce,Normal,None,415,100,70,70,65,65,45,2,False,209,68
207,Gligar,Ground,Flying,430,65,75,105,35,65,85,2,False,30,344
208,Steelix,Steel,Ground,510,75,85,200,55,65,30,2,False,95,136
209,Snubbull,Fairy,None,300,60,80,50,40,40,30,2,False,21,428
210,Granbull,Fairy,None,450,90,120,75,60,60,45,2,False,8,615
211,Qwilfish,Water,Poison,430,65,95,75,55,55,85,2,False,23,402
212,Scizor,Bug,Steel,500,70,130,100,55,80,65,2,False,424,22
213,Shuckle,Bug,Rock,505,20,10,230,10,230,5,2,False,176,77
214,Heracross,Bug,Fighting,500,80,125,75,40,95,85,2,False,279,50
215,Sneasel,Dark,Ice,430,55,95,55,35,75,115,2,False,103,128
216,Teddiursa,Normal,None,330,60,80,50,50,50,40,2,False,40,278
217,Ursaring,Normal,None,500,90,130,75,75,75,55,2,False,34,307
218,Slugma,Fire,None,250,40,40,40,70,40,20,2,False,13,521
219,Magcargo,Fire,Rock,410,50,50,120,80,80,30,2,False,23,402
220,Swinub,Ice,Ground,250,50,50,40,30,30,50,2,False,39,281
221,Piloswine,Ice,Ground,450,100,100,80,60,60,50,2,False,13,521
222,Corsola,Water,Rock,380,55,55,85,65,85,35,2,False,34,307
223,Remoraid,Water,None,300,35,65,35,65,35,65,2,False,3,746
224,Octillery,Water,None,480,75,105,75,105,75,45,2,False,37,292
225,Delibird,Ice,Flying,330,45,55,45,65,45,75,2,False,38,286
226,Mantine,Water,Flying,465,65,40,70,80,140,70,2,False,27,370
227,Skarmory,Steel,Flying,465,65,80,140,40,70,70,2,False,135,94
228,Houndour,Dark,Fire,330,45,60,30,80,50,65,2,False,29,353
229,Houndoom,Dark,Fire,500,75,90,50,110,80,95,2,False,177,76
230,Kingdra,Water,Dragon,540,75,95,95,95,95,85,2,False,72,182
231,Phanpy,Ground,None,330,90,60,60,40,40,40,2,False,77,173
232,Donphan,Ground,None,500,90,120,120,60,60,50,2,False,72,182
233,Porygon2,Normal,None,515,85,80,90,105,95,60,2,False,69,190
234,Stantler,Normal,None,465,73,95,62,85,65,85,2,False,21,428
235,Smeargle,Normal,None,250,55,20,35,20,45,75,2,False,55,222
236,Tyrogue,Fighting,None,210,35,35,35,35,35,35,2,False,5,687
237,Hitmontop,Fighting,None,455,50,95,95,35,110,70,2,False,17,483
238,Smoochum,Ice,Psychic,305,45,30,15,85,65,65,2,False,5,687
239,Elekid,Electric,None,360,45,63,37,65,55,95,2,False,23,402
240,Magby,Fire,None,365,45,75,37,70,55,83,2,False,5,687
241,Miltank,Normal,None,490,95,80,105,40,70,100,2,False,54,225
242,Blissey,Normal,None,540,255,10,10,75,135,55,2,False,15,501
243,Raikou,Electric,None,580,90,85,75,115,100,115,2,True,41,274
244,Entei,Fire,None,580,115,115,85,90,75,100,2,True,56,218
245,Suicune,Water,None,580,100,75,115,90,115,85,2,True,140,90
246,Larvitar,Rock,Ground,300,50,64,50,45,50,41,2,False,50,236
247,Pupitar,Rock,Ground,410,70,84,70,65,70,51,2,False,2,770
248,Tyranitar,Rock,Dark,600,100,134,110,95,100,61,2,False,451,17
249,Lugia,Psychic,Flying,680,106,90,130,90,154,110,2,True,260,56
251,Celebi,Psychic,Grass,600,100,100,100,100,100,100,2,True,78,172
252,Treecko,Grass,None,310,40,45,35,65,55,70,3,False,134,95
253,Grovyle,Grass,None,405,50,65,45,85,65,95,3,False,129,99
254,Sceptile,Grass,None,530,70,85,65,105,85,120,3,False,337,34
255,Torchic,Fire,None,310,45,60,40,70,50,45,3,False,105,126
256,Combusken,Fire,Fighting,405,60,85,60,85,60,55,3,False,6,660
257,Blaziken,Fire,Fighting,530,80,120,70,110,70,80,3,False,613,5
258,Mudkip,Water,None,310,50,70,50,50,50,40,3,False,404,24
259,Marshtomp,Water,Ground,405,70,85,70,60,70,50,3,False,21,428
260,Swampert,Water,Ground,535,100,110,90,85,90,60,3,False,381,29
261,Poochyena,Dark,None,220,35,55,35,30,30,35,3,False,28,361
262,Mightyena,Dark,None,420,70,90,70,60,60,70,3,False,61,206
263,Zigzagoon,Normal,None,240,38,30,41,30,41,60,3,False,56,218
264,Linoone,Normal,None,420,78,70,61,50,61,100,3,False,31,336
265,Wurmple,Bug,None,195,45,45,35,20,30,20,3,False,12,539
266,Silcoon,Bug,None,205,50,35,55,25,25,15,3,False,0,806
267,Beautifly,Bug,Flying,395,60,70,50,100,50,65,3,False,2,770
268,Cascoon,Bug,None,205,50,35,55,25,25,15,3,False,2,770
269,Dustox,Bug,Poison,385,60,50,70,50,90,65,3,False,5,687
270,Lotad,Water,Grass,220,40,30,30,40,50,30,3,False,34,307
271,Lombre,Water,Grass,340,60,50,50,60,70,50,3,False,6,660
272,Ludicolo,Water,Grass,480,80,70,70,90,100,70,3,False,147,87
273,Seedot,Grass,None,220,40,40,50,30,30,30,3,False,14,508
274,Nuzleaf,Grass,Dark,340,70,70,40,60,40,60,3,False,6,660
275,Shiftry,Grass,Dark,480,90,100,60,90,60,80,3,False,29,353
276,Taillow,Normal,Flying,270,40,55,30,30,30,85,3,False,8,615
277,Swellow,Normal,Flying,430,60,85,60,50,50,125,3,False,33,317
278,Wingull,Water,Flying,270,40,30,30,55,30,85,3,False,18,475
279,Pelipper,Water,Flying,430,60,50,100,85,70,65,3,False,30,344
280,Ralts,Psychic,Fairy,198,28,25,25,45,35,40,3,False,82,157
281,Kirlia,Psychic,Fairy,278,38,35,35,65,55,50,3,False,18,475
282,Gardevoir,Psychic,Fairy,518,68,65,65,125,115,80,3,False,585,8
283,Surskit,Bug,Water,269,40,30,32,50,52,65,3,False,22,420
284,Masquerain,Bug,Flying,414,70,60,62,80,82,60,3,False,24,397
285,Shroomish,Grass,None,295,60,40,60,40,60,35,3,False,27,370
286,Breloom,Grass,Fighting,460,60,130,80,60,60,70,3,False,228,62
287,Slakoth,Normal,None,280,60,60,60,35,35,30,3,False,23,402
288,Vigoroth,Normal,None,440,80,80,80,55,55,90,3,False,9,595
289,Slaking,Normal,None,670,150,160,100,95,65,100,3,False,69,190
290,Nincada,Bug,Ground,266,31,45,90,30,30,40,3,False,3,746
291,Ninjask,Bug,Flying,456,61,90,45,50,50,160,3,False,27,370
292,Shedinja,Bug,Ghost,236,1,90,45,30,30,40,3,False,116,114
293,Whismur,Normal,None,240,64,51,23,51,23,28,3,False,5,687
294,Loudred,Normal,None,360,84,71,43,71,43,48,3,False,5,687
295,Exploud,Normal,None,490,104,91,63,91,73,68,3,False,26,383
296,Makuhita,Fighting,None,237,72,60,30,20,30,25,3,False,4,722
297,Hariyama,Fighting,None,474,144,120,60,40,60,50,3,False,13,521
298,Azurill,Normal,Fairy,190,50,20,40,20,40,20,3,False,10,573
299,Nosepass,Rock,None,375,30,45,135,45,90,30,3,False,10,573
300,Skitty,Normal,None,260,50,45,45,35,35,50,3,False,74,177
301,Delcatty,Normal,None,380,70,65,65,55,55,70,3,False,30,344
302,Sableye,Dark,Ghost,380,50,75,75,65,65,50,3,False,237,59
303,Mawile,Steel,Fairy,380,50,85,85,55,55,50,3,False,247,57
304,Aron,Steel,Rock,330,50,70,100,40,40,30,3,False,96,133
305,Lairon,Steel,Rock,430,60,90,140,50,50,40,3,False,19,460
306,Aggron,Steel,Rock,530,70,110,180,60,60,50,3,False,313,38
307,Meditite,Fighting,Psychic,280,30,40,55,40,55,60,3,False,2,770
308,Medicham,Fighting,Psychic,410,60,60,75,60,75,80,3,False,20,448
309,Electrike,Electric,None,295,40,45,40,65,40,65,3,False,8,615
310,Manectric,Electric,None,475,70,75,60,105,60,105,3,False,62,202
311,Plusle,Electric,None,405,60,50,40,85,75,95,3,False,23,402
312,Minun,Electric,None,405,60,40,50,75,85,95,3,False,24,397
313,Volbeat,Bug,None,400,65,73,55,47,75,85,3,False,9,595
314,Illumise,Bug,None,400,65,47,55,73,75,85,3,False,5,687
315,Roselia,Grass,Poison,400,50,60,45,100,80,65,3,False,19,460
316,Gulpin,Poison,None,302,70,43,53,43,53,40,3,False,16,489
317,Swalot,Poison,None,467,100,73,83,73,83,55,3,False,22,420
318,Carvanha,Water,Dark,305,45,90,20,65,20,65,3,False,3,746
319,Sharpedo,Water,Dark,460,70,120,40,95,40,95,3,False,33,317
320,Wailmer,Water,None,400,130,70,35,70,35,60,3,False,18,475
321,Wailord,Water,None,500,170,90,45,90,45,60,3,False,86,147
322,Numel,Fire,Ground,305,60,60,40,65,45,35,3,False,21,428
323,Camerupt,Fire,Ground,460,70,100,70,105,75,40,3,False,42,266
324,Torkoal,Fire,None,470,70,85,140,85,70,20,3,False,37,292
325,Spoink,Psychic,None,330,60,25,35,70,80,60,3,False,33,317
326,Grumpig,Psychic,None,470,80,45,65,90,110,80,3,False,21,428
327,Spinda,Normal,None,360,60,60,60,60,60,60,3,False,38,286
328,Trapinch,Ground,None,290,45,100,45,45,45,10,3,False,22,420
329,Vibrava,Ground,Dragon,340,50,70,50,50,50,70,3,False,16,489
330,Flygon,Ground,Dragon,520,80,100,80,80,80,100,3,False,510,15
331,Cacnea,Grass,None,335,50,85,40,85,40,35,3,False,23,402
332,Cacturne,Grass,Dark,475,70,115,60,115,60,55,3,False,21,428
333,Swablu,Normal,Flying,310,45,40,60,40,75,50,3,False,25,390
334,Altaria,Dragon,Flying,490,75,70,90,70,105,80,3,False,136,92
335,Zangoose,Normal,None,458,73,115,60,60,60,90,3,False,99,129
336,Seviper,Poison,None,458,73,100,60,100,60,65,3,False,21,428
337,Lunatone,Rock,Psychic,440,70,55,65,95,85,70,3,False,8,615
338,Solrock,Rock,Psychic,440,70,95,85,55,65,70,3,False,6,660
339,Barboach,Water,Ground,288,50,48,43,46,41,60,3,False,2,770
340,Whiscash,Water,Ground,468,110,78,73,76,71,60,3,False,23,402
341,Corphish,Water,None,308,43,80,65,50,35,35,3,False,16,489
342,Crawdaunt,Water,Dark,468,63,120,85,90,55,55,3,False,30,344
343,Baltoy,Ground,Psychic,300,40,40,55,40,70,55,3,False,1,798
344,Claydol,Ground,Psychic,500,60,70,105,70,120,75,3,False,19,460
345,Lileep,Rock,Grass,355,66,41,77,61,87,23,3,False,4,722
346,Cradily,Rock,Grass,495,86,81,97,81,107,43,3,False,46,250
347,Anorith,Rock,Bug,355,45,95,50,40,50,75,3,False,8,615
348,Armaldo,Rock,Bug,495,75,125,100,70,80,45,3,False,26,383
349,Feebas,Water,None,200,20,15,20,10,55,80,3,False,6,660
350,Milotic,Water,None,540,95,60,79,100,125,81,3,False,224,63
351,Castform,Normal,None,420,70,70,70,70,70,70,3,False,36,298
352,Kecleon,Normal,None,440,60,90,70,60,120,40,3,False,28,361
353,Shuppet,Ghost,None,295,44,75,35,63,33,45,3,False,12,539
354,Banette,Ghost,None,455,64,115,65,83,63,65,3,False,80,163
355,Duskull,Ghost,None,295,20,40,90,30,90,25,3,False,44,259
356,Dusclops,Ghost,None,455,40,70,130,60,130,25,3,False,22,420
357,Tropius,Grass,Flying,460,99,68,83,72,87,51,3,False,118,108
358,Chimecho,Psychic,None,425,65,50,70,95,80,65,3,False,25,390
359,Absol,Dark,None,465,65,130,60,75,60,75,3,False,542,11
360,Wynaut,Psychic,None,260,95,23,48,23,48,23,3,False,7,637
361,Snorunt,Ice,None,300,50,50,50,50,50,50,3,False,27,370
362,Glalie,Ice,None,480,80,80,80,80,80,80,3,False,34,307
363,Spheal,Ice,Water,290,70,40,50,55,50,25,3,False,83,152
364,Sealeo,Ice,Water,410,90,60,70,75,70,45,3,False,3,746
365,Walrein,Ice,Water,530,110,80,90,95,90,65,3,False,33,317
366,Clamperl,Water,None,345,35,64,85,74,55,32,3,False,8,615
367,Huntail,Water,None,485,55,104,105,94,75,52,3,False,2,770
368,Gorebyss,Water,None,485,55,84,105,114,75,52,3,False,7,637
369,Relicanth,Water,Rock,485,100,90,130,45,65,55,3,False,32,325
370,Luvdisc,Water,None,330,43,30,55,40,65,97,3,False,9,595
371,Bagon,Dragon,None,300,45,75,60,40,30,50,3,False,17,483
372,Shelgon,Dragon,None,420,65,95,100,60,50,50,3,False,5,687
373,Salamence,Dragon,Flying,600,95,135,80,110,80,100,3,False,220,65
374,Beldum,Steel,Psychic,300,40,55,80,35,60,30,3,False,20,448
375,Metang,Steel,Psychic,420,60,75,100,55,80,50,3,False,8,615
376,Metagross,Steel,Psychic,600,80,135,130,95,90,70,3,False,395,26
377,Regirock,Rock,None,580,80,100,200,50,100,50,3,True,6,660
378,Regice,Ice,None,580,80,50,100,100,200,50,3,True,11,556
379,Registeel,Steel,None,580,80,75,150,75,150,50,3,True,16,489
380,Latias,Dragon,Psychic,600,80,80,90,110,130,110,3,True,97,131
381,Latios,Dragon,Psychic,600,80,90,80,130,110,110,3,True,68,193
382,Kyogre,Water,None,670,100,100,90,150,140,90,3,True,71,184
383,Groudon,Ground,None,670,100,150,140,100,90,90,3,True,61,206
384,Rayquaza,Dragon,Flying,680,105,150,90,150,90,95,3,True,316,37
385,Jirachi,Steel,Psychic,600,100,100,100,100,100,100,3,True,123,104
387,Turtwig,Grass,None,318,55,68,64,45,55,31,4,False,218,67
388,Grotle,Grass,None,405,75,89,85,55,65,36,4,False,11,556
389,Torterra,Grass,Ground,525,95,109,105,75,85,56,4,False,430,20
390,Chimchar,Fire,None,309,44,58,44,58,44,61,4,False,70,187
391,Monferno,Fire,Fighting,405,64,78,52,78,52,81,4,False,27,370
392,Infernape,Fire,Fighting,534,76,104,71,104,71,108,4,False,443,18
393,Piplup,Water,None,314,53,51,53,61,56,40,4,False,190,70
394,Prinplup,Water,None,405,64,66,68,81,76,50,4,False,11,556
395,Empoleon,Water,Steel,530,84,86,88,111,101,60,4,False,346,33
396,Starly,Normal,Flying,245,40,55,30,30,30,60,4,False,14,508
397,Staravia,Normal,Flying,340,55,75,50,40,40,80,4,False,7,637
398,Staraptor,Normal,Flying,485,85,120,70,50,60,100,4,False,142,89
399,Bidoof,Normal,None,250,59,45,40,35,40,31,4,False,81,161
400,Bibarel,Normal,Water,410,79,85,60,55,60,71,4,False,8,615
401,Kricketot,Bug,None,194,37,25,41,25,41,25,4,False,9,595
402,Kricketune,Bug,None,384,77,85,51,55,51,65,4,False,14,508
403,Shinx,Electric,None,263,45,65,34,40,34,45,4,False,124,103
404,Luxio,Electric,None,363,60,85,49,60,49,60,4,False,18,475
405,Luxray,Electric,None,523,80,120,79,95,79,70,4,False,429,21
406,Budew,Grass,Poison,280,40,30,35,50,70,55,4,False,7,637
407,Roserade,Grass,Poison,515,60,70,65,125,105,90,4,False,86,147
408,Cranidos,Rock,None,350,67,125,40,30,30,58,4,False,9,595
409,Rampardos,Rock,None,495,97,165,60,65,50,58,4,False,22,420
410,Shieldon,Rock,Steel,350,30,42,118,42,88,30,4,False,6,660
411,Bastiodon,Rock,Steel,495,60,52,168,47,138,30,4,False,19,460
412,Burmy,Bug,None,224,40,29,45,29,45,36,4,False,7,637
414,Mothim,Bug,Flying,424,70,94,50,94,50,66,4,False,7,637
415,Combee,Bug,Flying,244,30,30,42,30,42,70,4,False,14,508
416,Vespiquen,Bug,Flying,474,70,80,102,80,102,40,4,False,26,383
417,Pachirisu,Electric,None,405,60,45,70,45,90,95,4,False,40,278
418,Buizel,Water,None,330,55,65,35,60,30,85,4,False,90,144
419,Floatzel,Water,None,495,85,105,55,85,50,115,4,False,42,266
420,Cherubi,Grass,None,275,45,35,45,62,53,35,4,False,8,615
421,Cherrim,Grass,None,450,70,60,70,87,78,85,4,False,23,402
422,Shellos,Water,None,325,76,48,48,57,62,34,4,False,15,501
423,Gastrodon,Water,Ground,475,111,83,68,92,82,39,4,False,47,247
424,Ambipom,Normal,None,482,75,100,66,60,66,115,4,False,31,336
425,Drifloon,Ghost,Flying,348,90,50,34,60,44,70,4,False,71,184
426,Drifblim,Ghost,Flying,498,150,80,44,90,54,80,4,False,34,307
427,Buneary,Normal,None,350,55,66,44,44,56,85,4,False,16,489
428,Lopunny,Normal,None,480,65,76,84,54,96,105,4,False,81,161
429,Mismagius,Ghost,None,495,60,60,60,105,105,105,4,False,80,163
430,Honchkrow,Dark,Flying,505,100,125,52,105,52,71,4,False,74,177
431,Glameow,Normal,None,310,49,55,42,42,37,85,4,False,3,746
432,Purugly,Normal,None,452,71,82,64,64,59,112,4,False,10,573
433,Chingling,Psychic,None,285,45,30,50,65,50,45,4,False,6,660
434,Stunky,Poison,Dark,329,63,63,47,41,41,74,4,False,6,660
435,Skuntank,Poison,Dark,479,103,93,67,71,61,84,4,False,15,501
436,Bronzor,Steel,Psychic,300,57,24,86,24,86,23,4,False,6,660
437,Bronzong,Steel,Psychic,500,67,89,116,79,116,33,4,False,21,428
438,Bonsly,Rock,None,290,50,80,95,10,45,10,4,False,7,637
440,Happiny,Normal,None,220,100,5,5,15,65,30,4,False,5,687
441,Chatot,Normal,Flying,411,76,65,45,92,42,91,4,False,31,336
442,Spiritomb,Ghost,Dark,485,50,92,108,92,108,35,4,False,35,301
443,Gible,Dragon,Ground,300,58,70,45,40,45,42,4,False,35,301
444,Gabite,Dragon,Ground,410,68,90,65,50,55,82,4,False,9,595
445,Garchomp,Dragon,Ground,600,108,130,95,80,85,102,4,False,404,24
446,Munchlax,Normal,None,390,135,85,40,40,85,5,4,False,50,236
447,Riolu,Fighting,None,285,40,70,40,35,40,60,4,False,64,199
448,Lucario,Fighting,Steel,525,70,110,70,115,70,90,4,False,604,7
449,Hippopotas,Ground,None,330,68,72,78,38,42,32,4,False,6,660
450,Hippowdon,Ground,None,525,108,112,118,68,72,47,4,False,12,539
451,Skorupi,Poison,Bug,330,40,50,90,30,55,65,4,False,1,798
452,Drapion,Poison,Dark,500,70,90,110,60,75,95,4,False,42,266
453,Croagunk,Poison,Fighting,300,48,61,40,61,40,50,4,False,48,246
454,Toxicroak,Poison,Fighting,490,83,106,65,86,65,85,4,False,82,157
455,Carnivine,Grass,None,454,74,100,72,90,72,46,4,False,12,539
456,Finneon,Water,None,330,49,49,56,49,61,66,4,False,8,615
457,Lumineon,Water,None,460,69,69,76,69,86,91,4,False,12,539
458,Mantyke,Water,Flying,345,45,20,50,60,120,50,4,False,10,573
459,Snover,Grass,Ice,334,60,62,50,62,60,40,4,False,10,573
460,Abomasnow,Grass,Ice,494,90,92,75,92,85,60,4,False,25,390
461,Weavile,Dark,Ice,510,70,120,65,45,85,125,4,False,185,71
462,Magnezone,Electric,Steel,535,70,70,115,130,90,60,4,False,55,222
463,Lickilicky,Normal,None,515,110,85,95,80,95,50,4,False,19,460
464,Rhyperior,Ground,Rock,535,115,140,130,55,55,40,4,False,20,448
465,Tangrowth,Grass,None,535,100,100,125,110,50,50,4,False,19,460
466,Electivire,Electric,None,540,75,123,67,95,85,95,4,False,113,117
467,Magmortar,Fire,None,540,75,95,67,125,95,83,4,False,26,383
468,Togekiss,Fairy,Flying,545,85,50,95,120,115,80,4,False,164,81
469,Yanmega,Bug,Flying,515,86,76,86,116,56,95,4,False,39,281
470,Leafeon,Grass,None,525,65,110,130,60,65,95,4,False,127,100
471,Glaceon,Ice,None,525,65,60,110,130,95,65,4,False,180,75
472,Gliscor,Ground,Flying,510,75,95,125,45,75,95,4,False,132,97
473,Mamoswine,Ice,Ground,530,110,130,80,70,60,80,4,False,69,190
474,Porygon-Z,Normal,None,535,85,80,70,135,75,90,4,False,148,86
475,Gallade,Psychic,Fighting,518,68,125,65,65,115,80,4,False,239,58
476,Probopass,Rock,Steel,525,60,55,145,75,150,40,4,False,16,489
477,Dusknoir,Ghost,None,525,45,100,135,65,135,45,4,False,42,266
478,Froslass,Ice,Ghost,480,70,80,70,80,70,110,4,False,143,88
479,Rotom,Electric,Ghost,440,50,50,77,95,77,91,4,False,65,198
480,Uxie,Psychic,None,580,75,75,130,75,130,95,4,True,3,746
481,Mesprit,Psychic,None,580,80,105,105,105,105,80,4,True,5,687
482,Azelf,Psychic,None,580,75,125,70,125,70,115,4,True,13,521
483,Dialga,Steel,Dragon,680,100,120,120,150,100,90,4,True,73,179
484,Palkia,Water,Dragon,680,90,120,100,150,120,100,4,True,34,307
485,Heatran,Fire,Steel,600,91,90,106,130,106,77,4,True,7,637
486,Regigigas,Normal,None,670,110,160,110,80,110,100,4,True,29,353
488,Cresselia,Psychic,None,600,120,70,120,75,130,85,4,True,9,595
489,Phione,Water,None,480,80,80,80,80,80,80,4,True,2,770
490,Manaphy,Water,None,600,100,100,100,100,100,100,4,True,27,370
491,Darkrai,Dark,None,600,70,90,90,135,90,125,4,True,185,71
493,Arceus,Normal,None,720,120,120,120,120,120,120,4,True,35,301
494,Victini,Psychic,Fire,600,100,100,100,100,100,100,5,True,91,142
495,Snivy,Grass,None,308,45,45,55,45,55,63,5,False,62,202
496,Servine,Grass,None,413,60,60,75,60,75,83,5,False,6,660
497,Serperior,Grass,None,528,75,75,95,75,95,113,5,False,106,124
498,Tepig,Fire,None,308,65,63,45,45,45,45,5,False,31,336
499,Pignite,Fire,Fighting,418,90,93,55,70,55,55,5,False,7,637
500,Emboar,Fire,Fighting,528,110,123,65,100,65,65,5,False,38,286
501,Oshawott,Water,None,308,55,55,45,63,45,45,5,False,83,152
502,Dewott,Water,None,413,75,75,60,83,60,60,5,False,51,231
503,Samurott,Water,None,528,95,100,85,108,70,70,5,False,68,193
504,Patrat,Normal,None,255,45,55,39,35,39,42,5,False,1,798
505,Watchog,Normal,None,420,60,85,69,60,69,77,5,False,4,722
506,Lillipup,Normal,None,275,45,60,45,25,45,55,5,False,4,722
507,Herdier,Normal,None,370,65,80,65,35,65,60,5,False,7,637
508,Stoutland,Normal,None,500,85,110,90,45,90,80,5,False,27,370
509,Purrloin,Dark,None,281,41,50,37,50,37,66,5,False,3,746
510,Liepard,Dark,None,446,64,88,50,88,50,106,5,False,10,573
511,Pansage,Grass,None,316,50,53,48,53,48,64,5,False,6,660
512,Simisage,Grass,None,498,75,98,63,98,63,101,5,False,5,687
513,Pansear,Fire,None,316,50,53,48,53,48,64,5,False,2,770
514,Simisear,Fire,None,498,75,98,63,98,63,101,5,False,8,615
515,Panpour,Water,None,316,50,53,48,53,48,64,5,False,2,770
516,Simipour,Water,None,498,75,98,63,98,63,101,5,False,4,722
517,Munna,Psychic,None,292,76,25,45,67,55,24,5,False,4,722
518,Musharna,Psychic,None,487,116,55,85,107,95,29,5,False,7,637
519,Pidove,Normal,Flying,264,50,55,50,36,30,43,5,False,7,637
520,Tranquill,Normal,Flying,358,62,77,62,50,42,65,5,False,4,722
521,Unfezant,Normal,Flying,488,80,115,80,65,55,93,5,False,5,687
522,Blitzle,Electric,None,295,45,60,32,50,32,76,5,False,4,722
523,Zebstrika,Electric,None,497,75,100,63,80,63,116,5,False,23,402
524,Roggenrola,Rock,None,280,55,75,85,25,25,15,5,False,4,722
525,Boldore,Rock,None,390,70,105,105,50,40,20,5,False,6,660
526,Gigalith,Rock,None,515,85,135,130,60,80,25,5,False,17,483
527,Woobat,Psychic,Flying,313,55,45,43,55,43,72,5,False,10,573
528,Swoobat,Psychic,Flying,425,67,57,55,77,55,114,5,False,12,539
529,Drilbur,Ground,None,328,60,85,40,30,45,68,5,False,5,687
530,Excadrill,Ground,Steel,508,110,135,60,50,65,88,5,False,41,274
531,Audino,Normal,None,445,103,60,86,60,86,50,5,False,34,307
532,Timburr,Fighting,None,305,75,80,55,25,35,35,5,False,3,746
533,Gurdurr,Fighting,None,405,85,105,85,40,50,40,5,False,3,746
534,Conkeldurr,Fighting,None,505,105,140,95,55,65,45,5,False,15,501
535,Tympole,Water,None,294,50,50,40,50,40,64,5,False,6,660
536,Palpitoad,Water,Ground,384,75,65,55,65,55,69,5,False,4,722
537,Seismitoad,Water,Ground,509,105,95,75,85,75,74,5,False,8,615
538,Throh,Fighting,None,465,120,100,85,30,85,45,5,False,9,595
539,Sawk,Fighting,None,465,75,125,75,30,75,85,5,False,7,637
540,Sewaddle,Bug,Grass,310,45,53,70,40,60,42,5,False,1,798
541,Swadloon,Bug,Grass,380,55,63,90,50,80,42,5,False,11,556
542,Leavanny,Bug,Grass,500,75,103,80,70,80,92,5,False,20,448
543,Venipede,Bug,Poison,260,30,45,59,30,39,57,5,False,2,770
544,Whirlipede,Bug,Poison,360,40,55,99,40,79,47,5,False,5,687
545,Scolipede,Bug,Poison,485,60,100,89,55,69,112,5,False,80,163
546,Cottonee,Grass,Fairy,280,40,27,60,37,50,66,5,False,2,770
547,Whimsicott,Grass,Fairy,480,60,67,85,77,75,116,5,False,139,91
548,Petilil,Grass,None,280,45,35,50,70,50,30,5,False,7,637
549,Lilligant,Grass,None,480,70,60,75,110,75,90,5,False,94,138
550,Basculin,Water,None,460,70,92,65,80,55,98,5,False,5,687
551,Sandile,Ground,Dark,292,50,72,35,35,35,65,5,False,16,489
552,Krokorok,Ground,Dark,351,60,82,45,45,45,74,5,False,10,573
553,Krookodile,Ground,Dark,519,95,117,80,65,70,92,5,False,95,136
554,Darumaka,Fire,None,315,70,90,45,15,45,50,5,False,10,573
556,Maractus,Grass,None,461,75,86,67,106,67,60,5,False,57,216
557,Dwebble,Bug,Rock,325,50,65,85,35,35,55,5,False,7,637
558,Crustle,Bug,Rock,475,70,95,125,65,75,45,5,False,21,428
559,Scraggy,Dark,Fighting,348,50,75,70,35,70,48,5,False,44,259
560,Scrafty,Dark,Fighting,488,65,90,115,45,115,58,5,False,80,163
561,Sigilyph,Psychic,Flying,490,72,58,80,103,80,97,5,False,44,259
562,Yamask,Ghost,None,303,38,30,85,55,65,30,5,False,4,722
563,Cofagrigus,Ghost,None,483,58,50,145,95,105,30,5,False,37,292
564,Tirtouga,Water,Rock,355,54,78,103,53,45,22,5,False,4,722
565,Carracosta,Water,Rock,495,74,108,133,83,65,32,5,False,20,448
566,Archen,Rock,Flying,401,55,112,45,74,45,70,5,False,10,573
567,Archeops,Rock,Flying,567,75,140,65,112,65,110,5,False,46,250
568,Trubbish,Poison,None,329,50,50,62,40,62,65,5,False,51,231
569,Garbodor,Poison,None,474,80,95,82,60,82,75,5,False,30,344
570,Zorua,Dark,None,330,40,65,40,80,40,65,5,False,82,157
571,Zoroark,Dark,None,510,60,105,60,120,60,105,5,False,159,83
572,Minccino,Normal,None,300,55,50,40,40,40,75,5,False,23,402
573,Cinccino,Normal,None,470,75,95,60,65,60,115,5,False,40,278
574,Gothita,Psychic,None,290,45,30,50,55,65,45,5,False,0,806
575,Gothorita,Psychic,None,390,60,45,70,75,85,55,5,False,5,687
576,Gothitelle,Psychic,None,490,70,55,95,95,110,65,5,False,16,489
577,Solosis,Psychic,None,290,45,30,40,105,50,20,5,False,8,615
578,Duosion,Psychic,None,370,65,40,50,125,60,30,5,False,2,770
579,Reuniclus,Psychic,None,490,110,65,75,125,85,30,5,False,112,118
580,Ducklett,Water,Flying,305,62,44,50,44,50,55,5,False,10,573
581,Swanna,Water,Flying,473,75,87,63,87,63,98,5,False,5,687
582,Vanillite,Ice,None,305,36,50,50,65,60,44,5,False,13,521
583,Vanillish,Ice,None,395,51,65,65,80,75,59,5,False,6,660
584,Vanilluxe,Ice,None,535,71,95,85,110,95,79,5,False,29,353
585,Deerling,Normal,Grass,335,60,60,50,40,50,75,5,False,5,687
586,Sawsbuck,Normal,Grass,475,80,100,70,60,70,95,5,False,32,325
587,Emolga,Electric,Flying,428,55,75,60,75,60,103,5,False,46,250
588,Karrablast,Bug,None,315,50,75,45,40,45,60,5,False,2,770
589,Escavalier,Bug,Steel,495,70,135,105,60,105,20,5,False,25,390
590,Foongus,Grass,Poison,294,69,55,45,55,55,15,5,False,5,687
591,Amoonguss,Grass,Poison,464,114,85,70,85,80,30,5,False,4,722
592,Frillish,Water,Ghost,335,55,40,50,65,85,40,5,False,2,770
593,Jellicent,Water,Ghost,480,100,60,70,85,105,60,5,False,23,402
594,Alomomola,Water,None,470,165,75,80,40,45,65,5,False,1,798
595,Joltik,Bug,Electric,319,50,47,50,57,50,65,5,False,79,168
596,Galvantula,Bug,Electric,472,70,77,60,97,60,108,5,False,117,113
597,Ferroseed,Grass,Steel,305,44,50,91,24,86,10,5,False,3,746
598,Ferrothorn,Grass,Steel,489,74,94,131,54,116,20,5,False,39,281
599,Klink,Steel,None,300,40,55,70,45,60,30,5,False,5,687
600,Klang,Steel,None,440,60,80,95,70,85,50,5,False,4,722
601,Klinklang,Steel,None,520,60,100,115,70,85,90,5,False,32,325
602,Tynamo,Electric,None,275,35,55,40,45,40,60,5,False,6,660
603,Eelektrik,Electric,None,405,65,85,70,75,70,40,5,False,0,806
604,Eelektross,Electric,None,515,85,115,80,105,80,50,5,False,49,242
605,Elgyem,Psychic,None,335,55,55,55,85,55,30,5,False,12,539
606,Beheeyem,Psychic,None,485,75,75,75,125,95,40,5,False,20,448
607,Litwick,Ghost,Fire,275,50,30,55,65,55,20,5,False,60,209
608,Lampent,Ghost,Fire,370,60,40,60,95,60,55,5,False,12,539
609,Chandelure,Ghost,Fire,520,60,55,90,145,90,80,5,False,222,64
610,Axew,Dragon,None,320,46,87,60,30,40,57,5,False,17,483
611,Fraxure,Dragon,None,410,66,117,70,40,50,67,5,False,6,660
612,Haxorus,Dragon,None,540,76,147,90,60,70,97,5,False,115,116
613,Cubchoo,Ice,None,305,55,70,40,60,40,40,5,False,8,615
614,Beartic,Ice,None,485,95,110,80,70,80,50,5,False,10,573
615,Cryogonal,Ice,None,485,70,50,30,95,135,105,5,False,16,489
616,Shelmet,Bug,None,305,50,40,85,40,65,25,5,False,2,770
617,Accelgor,Bug,None,495,80,70,40,100,60,145,5,False,16,489
618,Stunfisk,Ground,Electric,471,109,66,84,81,99,32,5,False,27,370
619,Mienfoo,Fighting,None,350,45,85,50,55,50,65,5,False,3,746
620,Mienshao,Fighting,None,510,65,125,60,95,60,105,5,False,29,353
621,Druddigon,Dragon,None,485,77,120,90,60,90,48,5,False,17,483
622,Golett,Ground,Ghost,303,59,74,50,35,50,35,5,False,8,615
623,Golurk,Ground,Ghost,483,89,124,80,55,80,55,5,False,87,146
624,Pawniard,Dark,Steel,340,45,85,70,40,40,60,5,False,6,660
625,Bisharp,Dark,Steel,490,65,125,100,60,70,70,5,False,93,140
626,Bouffalant,Normal,None,490,95,110,95,40,95,55,5,False,5,687
627,Rufflet,Normal,Flying,350,70,83,50,37,50,60,5,False,5,687
628,Braviary,Normal,Flying,510,100,123,75,57,75,80,5,False,33,317
629,Vullaby,Dark,Flying,370,70,55,75,45,65,60,5,False,3,746
630,Mandibuzz,Dark,Flying,510,110,65,105,55,95,80,5,False,13,521
631,Heatmor,Fire,None,484,85,97,66,105,66,65,5,False,6,660
632,Durant,Bug,Steel,484,58,109,112,48,48,109,5,False,13,521
633,Deino,Dark,Dragon,300,52,65,50,45,50,38,5,False,13,521
634,Zweilous,Dark,Dragon,420,72,85,70,65,70,58,5,False,4,722
635,Hydreigon,Dark,Dragon,600,92,105,90,125,90,98,5,False,166,80
636,Larvesta,Bug,Fire,360,55,85,55,50,55,60,5,False,19,460
637,Volcarona,Bug,Fire,550,85,60,65,135,105,100,5,False,290,45
638,Cobalion,Steel,Fighting,580,91,90,129,90,72,108,5,True,7,637
639,Terrakion,Rock,Fighting,580,91,129,90,72,90,108,5,True,3,746
640,Virizion,Grass,Fighting,580,91,90,72,90,129,108,5,True,4,722
643,Reshiram,Dragon,Fire,680,100,120,100,150,120,90,5,True,38,286
644,Zekrom,Dragon,Electric,680,100,150,120,120,100,90,5,True,39,281
646,Kyurem,Dragon,Ice,660,125,130,90,130,90,95,5,True,21,428
649,Genesect,Bug,Steel,600,71,120,95,120,95,99,5,True,28,361
650,Chespin,Grass,None,313,56,61,65,48,45,38,6,False,29,353
651,Quilladin,Grass,None,405,61,78,95,56,58,57,6,False,3,746
652,Chesnaught,Grass,Fighting,530,88,107,122,74,75,64,6,False,20,448
653,Fennekin,Fire,None,307,40,45,40,62,60,60,6,False,23,402
654,Braixen,Fire,None,409,59,59,58,90,70,73,6,False,46,250
655,Delphox,Fire,Psychic,534,75,69,72,114,100,104,6,False,41,274
656,Froakie,Water,None,314,41,56,40,62,44,71,6,False,11,556
657,Frogadier,Water,None,405,54,63,52,83,56,97,6,False,3,746
658,Greninja,Water,Dark,530,72,95,67,103,71,122,6,False,219,66
659,Bunnelby,Normal,None,237,38,36,38,32,36,57,6,False,2,770
660,Diggersby,Normal,Ground,423,85,56,77,50,77,78,6,False,4,722
661,Fletchling,Normal,Flying,278,45,50,43,40,38,62,6,False,6,660
662,Fletchinder,Fire,Flying,382,62,73,55,56,52,84,6,False,9,595
663,Talonflame,Fire,Flying,499,78,81,71,74,69,126,6,False,31,336
664,Scatterbug,Bug,None,200,38,35,40,27,25,35,6,False,2,770
665,Spewpa,Bug,None,213,45,22,60,27,30,29,6,False,6,660
666,Vivillon,Bug,Flying,411,80,52,50,90,50,89,6,False,11,556
667,Litleo,Fire,Normal,369,62,50,58,73,54,72,6,False,4,722
668,Pyroar,Fire,Normal,507,86,68,72,109,66,106,6,False,19,460
670,Floette,Fairy,None,371,54,45,47,75,98,52,6,False,5,687
671,Florges,Fairy,None,552,78,65,68,112,154,75,6,False,5,687
672,Skiddo,Grass,None,350,66,65,48,62,57,52,6,False,14,508
673,Gogoat,Grass,None,531,123,100,62,97,81,68,6,False,37,292
674,Pancham,Fighting,None,348,67,82,62,46,48,43,6,False,20,448
675,Pangoro,Fighting,Dark,495,95,124,78,69,71,58,6,False,28,361
676,Furfrou,Normal,None,472,75,80,60,65,90,102,6,False,12,539
677,Espurr,Psychic,None,355,62,48,54,63,60,68,6,False,57,216
679,Honedge,Steel,Ghost,325,45,80,100,35,37,28,6,False,28,361
680,Doublade,Steel,Ghost,448,59,110,150,45,49,35,6,False,10,573
682,Spritzee,Fairy,None,341,78,52,60,63,65,23,6,False,3,746
683,Aromatisse,Fairy,None,462,101,72,72,99,89,29,6,False,9,595
684,Swirlix,Fairy,None,341,62,48,66,59,57,49,6,False,9,595
685,Slurpuff,Fairy,None,480,82,80,86,85,75,72,6,False,21,428
686,Inkay,Dark,Psychic,288,53,54,53,37,46,45,6,False,21,428
687,Malamar,Dark,Psychic,482,86,92,88,68,75,73,6,False,33,317
688,Binacle,Rock,Water,306,42,52,67,39,56,50,6,False,2,770
689,Barbaracle,Rock,Water,500,72,105,115,54,86,68,6,False,12,539
690,Skrelp,Poison,Water,320,50,60,60,60,60,30,6,False,5,687
691,Dragalge,Poison,Dragon,494,65,75,90,97,123,44,6,False,24,397
692,Clauncher,Water,None,330,50,53,62,58,63,44,6,False,2,770
693,Clawitzer,Water,None,500,71,73,88,120,89,59,6,False,13,521
694,Helioptile,Electric,Normal,289,44,38,33,61,43,70,6,False,11,556
695,Heliolisk,Electric,Normal,481,62,55,52,109,94,109,6,False,25,390
696,Tyrunt,Rock,Dragon,362,58,89,77,45,45,48,6,False,11,556
697,Tyrantrum,Rock,Dragon,521,82,121,119,69,59,71,6,False,73,179
698,Amaura,Rock,Ice,362,77,59,50,67,63,46,6,False,8,615
699,Aurorus,Rock,Ice,521,123,77,72,99,92,58,6,False,19,460
700,Sylveon,Fairy,None,525,95,65,65,110,130,60,6,False,282,48
701,Hawlucha,Fighting,Flying,500,78,92,75,74,63,118,6,False,64,199
702,Dedenne,Electric,Fairy,431,67,58,57,81,67,101,6,False,28,361
703,Carbink,Rock,Fairy,500,50,50,150,50,150,50,6,False,11,556
704,Goomy,Dragon,None,300,45,50,35,55,75,40,6,False,53,228
705,Sliggoo,Dragon,None,452,68,75,53,83,113,60,6,False,7,637
706,Goodra,Dragon,None,600,90,100,70,110,150,80,6,False,85,151
707,Klefki,Steel,Fairy,470,57,80,91,80,87,75,6,False,44,259
708,Phantump,Ghost,Grass,309,43,70,48,50,60,38,6,False,28,361
709,Trevenant,Ghost,Grass,474,85,110,76,65,82,56,6,False,29,353
712,Bergmite,Ice,None,304,55,69,85,32,35,28,6,False,7,637
713,Avalugg,Ice,None,514,95,117,184,44,46,28,6,False,10,573
714,Noibat,Flying,Dragon,245,40,30,35,45,40,55,6,False,13,521
715,Noivern,Flying,Dragon,535,85,70,80,97,80,123,6,False,116,114
716,Xerneas,Fairy,None,680,126,131,95,131,98,99,6,True,21,428
717,Yveltal,Dark,Flying,680,126,131,95,131,98,99,6,True,35,301
719,Diancie,Rock,Fairy,600,50,100,150,100,150,50,6,True,16,489
721,Volcanion,Fire,Water,600,80,110,120,130,90,70,6,True,5,687
722,Rowlet,Grass,Flying,320,68,55,55,50,50,42,7,False,89,145
723,Dartrix,Grass,Flying,420,78,75,75,70,70,52,7,False,2,770
724,Decidueye,Grass,Ghost,530,78,107,75,100,100,70,7,False,107,123
725,Litten,Fire,None,320,45,65,40,60,40,70,7,False,31,336
726,Torracat,Fire,None,420,65,85,50,80,50,90,7,False,10,573
727,Incineroar,Fire,Dark,530,95,115,90,80,90,60,7,False,58,214
728,Popplio,Water,None,320,50,54,54,66,56,40,7,False,26,383
729,Brionne,Water,None,420,60,69,69,91,81,50,7,False,6,660
730,Primarina,Water,Fairy,530,80,74,74,126,116,60,7,False,51,231
731,Pikipek,Normal,Flying,265,35,75,30,30,30,65,7,False,3,746
732,Trumbeak,Normal,Flying,355,55,85,50,40,50,75,7,False,1,798
733,Toucannon,Normal,Flying,485,80,120,75,75,75,60,7,False,10,573
734,Yungoos,Normal,None,253,48,70,30,30,30,45,7,False,0,806
735,Gumshoos,Normal,None,418,88,110,60,55,60,45,7,False,4,722
736,Grubbin,Bug,None,300,47,62,45,55,45,46,7,False,5,687
737,Charjabug,Bug,Electric,400,57,82,95,55,75,36,7,False,9,595
738,Vikavolt,Bug,Electric,500,77,70,90,145,75,43,7,False,12,539
739,Crabrawler,Fighting,None,338,47,82,57,42,47,63,7,False,5,687
740,Crabominable,Fighting,Ice,478,97,132,77,62,67,43,7,False,2,770
742,Cutiefly,Bug,Fairy,304,40,45,40,55,40,84,7,False,23,402
743,Ribombee,Bug,Fairy,464,60,55,60,95,70,124,7,False,41,274
744,Rockruff,Rock,None,280,45,65,40,30,40,60,7,False,20,448
747,Mareanie,Poison,Water,305,50,53,62,43,52,45,7,False,13,521
748,Toxapex,Poison,Water,495,50,63,152,53,142,35,7,False,35,301
749,Mudbray,Ground,None,385,70,100,70,45,55,45,7,False,5,687
750,Mudsdale,Ground,None,500,100,125,100,55,85,35,7,False,14,508
751,Dewpider,Water,Bug,269,38,40,52,40,72,27,7,False,2,770
752,Araquanid,Water,Bug,454,68,70,92,50,132,42,7,False,25,390
753,Fomantis,Grass,None,250,40,55,35,50,35,35,7,False,3,746
754,Lurantis,Grass,None,480,70,105,90,80,90,45,7,False,26,383
755,Morelull,Grass,Fairy,285,40,35,55,65,75,15,7,False,5,687
756,Shiinotic,Grass,Fairy,405,60,45,80,90,100,30,7,False,10,573
757,Salandit,Poison,Fire,320,48,44,40,71,40,77,7,False,8,615
758,Salazzle,Poison,Fire,480,68,64,60,111,60,117,7,False,33,317
759,Stufful,Normal,Fighting,340,70,75,50,45,50,50,7,False,11,556
760,Bewear,Normal,Fighting,500,120,125,80,55,60,60,7,False,36,298
761,Bounsweet,Grass,None,210,42,30,38,30,38,32,7,False,3,746
762,Steenee,Grass,None,290,52,40,48,40,48,62,7,False,3,746
763,Tsareena,Grass,None,510,72,120,98,50,98,72,7,False,25,390
764,Comfey,Fairy,None,485,51,52,90,82,110,100,7,False,5,687
765,Oranguru,Normal,Psychic,490,90,60,80,90,110,60,7,False,6,660
766,Passimian,Fighting,None,490,100,120,90,40,60,80,7,False,7,637
767,Wimpod,Bug,Water,230,25,35,40,20,30,80,7,False,3,746
768,Golisopod,Bug,Water,530,75,125,140,60,90,40,7,False,79,168
769,Sandygast,Ghost,Ground,320,55,55,80,70,45,15,7,False,5,687
770,Palossand,Ghost,Ground,480,85,75,110,100,75,35,7,False,9,595
771,Pyukumuku,Water,None,410,55,60,130,30,130,5,7,False,49,242
773,Silvally,Normal,None,570,95,95,95,95,95,95,7,False,32,325
775,Komala,Normal,None,480,65,115,65,75,95,65,7,False,13,521
776,Turtonator,Fire,Dragon,485,60,78,135,91,85,36,7,False,6,660
777,Togedemaru,Electric,Steel,435,65,98,63,40,73,96,7,False,9,595
778,Mimikyu,Ghost,Fairy,476,55,90,80,50,105,96,7,False,284,47
779,Bruxish,Water,Psychic,475,68,105,70,70,70,92,7,False,10,573
780,Drampa,Normal,Dragon,485,78,60,85,135,91,36,7,False,15,501
781,Dhelmise,Ghost,Grass,517,70,131,100,86,90,40,7,False,24,397
789,Cosmog,Psychic,None,200,43,29,31,29,31,37,7,True,10,573
790,Cosmoem,Psychic,None,400,43,29,131,29,131,37,7,True,1,798
791,Solgaleo,Psychic,Steel,680,137,137,107,113,89,97,7,True,12,539
792,Lunala,Psychic,Ghost,680,137,113,89,137,107,97,7,True,11,556
793,Nihilego,Rock,Poison,570,109,53,47,127,131,103,7,False,11,556
794,Buzzwole,Bug,Fighting,570,107,139,139,53,53,79,7,False,19,460
795,Pheromosa,Bug,Fighting,570,71,137,37,137,37,151,7,False,10,573
796,Xurkitree,Electric,None,570,83,89,71,173,71,83,7,False,21,428
797,Celesteela,Steel,Flying,570,97,101,103,107,101,61,7,False,8,615
798,Kartana,Grass,Steel,570,59,181,131,59,31,109,7,False,11,556
799,Guzzlord,Dark,Dragon,570,223,101,53,97,53,43,7,False,15,501
800,Necrozma,Psychic,None,600,97,107,101,127,89,79,7,True,23,402
801,Magearna,Steel,Fairy,600,80,95,115,130,115,65,7,True,7,637
802,Marshadow,Fighting,Ghost,600,90,125,80,90,90,125,7,True,29,353
803,Poipole,Poison,None,420,67,73,67,73,67,73,7,False,9,595
804,Naganadel,Poison,Dragon,540,73,73,73,127,73,121,7,False,9,595
805,Stakataka,Rock,Steel,570,61,131,211,53,101,13,7,False,13,521
806,Blacephalon,Fire,Ghost,570,53,127,53,151,79,107,7,False,8,615
807,Zeraora,Electric,None,600,88,112,75,102,80,143,7,True,17,483
808,Meltan,Steel,None,300,46,65,65,55,35,34,0,True,3,746
809,Melmetal,Steel,None,600,135,143,143,80,65,34,0,True,13,521
